Row,Material,Thickness (nm),Auto Thickness,Auto Wavelength (nm),Auto Fraction
incident,Air,1000000,0,800,0.25
1,SiO2,1004.1823,0,4600,0.25
2,Si,347.9742707,0,4600,0.25
3,SiO2,918.9306364,0,4600,0.25
4,Si,352.1040681,0,4600,0.25
5,SiO2,1078.793575,0,4600,0.25
6,Si,299.7881253,0,4600,0.25
7,SiO2,1205.191781,0,4600,0.25
8,Si,282.2543237,0,4600,0.25
9,SiO2,922.1330599,0,4600,0.25
10,Si,360.0934162,0,4600,0.25
substrate,SiO2,1000000,0,800,0.25
exit,SiO2,1000000,0,800,0.25
