Row,Material,Thickness (nm),Auto Thickness,Auto Wavelength (nm),Auto Fraction
incident,Air,1000000,0,4630,0.25
1,Al2O3,618.075690106655,0,4630,0.25
2,TiO2,798.78584019477,0,4630,0.25
substrate,CaF2,1000000,0,4630,0.25
exit,CaF2,1000000,0,4630,0.25
