Row,Material,Thickness (nm),Auto Thickness,Auto Wavelength (nm),Auto Fraction
incident,Air,1000000,0,4630,0.25
1,SiO2,1995.366269,0,4630,0.5
2,TiO2,600.3570615,0,4630,0.25
3,SiO2,978.4348328,0,4630,0.25
4,TiO2,593.7931118,0,4630,0.25
5,SiO2,960.6390075,0,4630,0.22
6,Au,500,0,4630,0.25
substrate,SiO2,1000000,0,4630,0.25
exit,SiO2,1000000,0,4630,0.25
