Row,Material,Thickness (nm),Auto Thickness,Auto Wavelength (nm),Auto Fraction
incident,Air,1000000,0,4630,0.25
1,SiO2,1982.874529,0,4630,0.5
2,TiO2,596.9892414,0,4630,0.25
3,SiO2,973.1282577,0,4630,0.25
4,TiO2,590.4501855,0,4630,0.25
5,SiO2,931.6018564,0,4630,0.25
6,Ti,20,0,4630,0.25
7,Au,500,0,4630,0.25
substrate,SiO2,1000000,0,4630,0.25
exit,SiO2,1000000,0,4630,0.25
