Row,Material,Thickness (nm),Auto Thickness,Auto Wavelength (nm),Auto Fraction
incident,Air,1000000,0,4630,0.25
1,SiO2,1997.474539,0,4630,0.52
2,TiO2,596.4309813,0,4630,0.25
3,SiO2,982.8721994,0,4630,0.25
4,TiO2,585.9690732,0,4630,0.25
5,SiO2,970.6853616,0,4630,0.25
6,TiO2,591.1741165,0,4630,0.25
7,SiO2,961.1079302,0,4630,0.25
8,Al,500,0,4630,0.25
substrate,SiO2,1000000,0,4630,0.25
exit,SiO2,1000000,0,4630,0.25
