Row,Material,Thickness (nm),Auto Thickness,Auto Wavelength (nm),Auto Fraction
incident,Air,1000000,0,4630,0.25
1,SiO2,1998.50075,0,4630,0.5
2,TiO2,595.3735184,0,4630,0.25
3,SiO2,984.3485866,0,4630,0.25
4,TiO2,584.1944338,0,4630,0.25
5,SiO2,976.4041165,0,4630,0.25
6,TiO2,590.470302,0,4630,0.25
7,SiO2,945.8056673,0,4630,0.22
8,Au,500,0,4630,0.25
substrate,SiO2,1000000,0,4630,0.25
exit,SiO2,1000000,0,4630,0.25
