Row,Material,Thickness (nm),Auto Thickness,Auto Wavelength (nm),Auto Fraction
incident,Air,1000000,0,4630,0.25
1,SiO2,437.534221805787,0,800,0.5
2,TiO2,101.125218896617,0,800,0.35
3,SiO2,155.47785604943,0,800,0.25
4,TiO2,93.4336832850326,0,800,0.25
5,SiO2,177.425050068715,0,800,0.2
6,TiO2,30.9952242746691,0,800,0.1
substrate,SiO2,3000000,0,4630,0.25
exit,SiO2,1000000,0,4630,0.25
